{
    "accuracy": 0.8723150357995226,
    "precision_weighted": 0.8523562714906391,
    "recall_weighted": 0.8723150357995226,
    "f1_weighted": 0.8614013545080567,
    "precision_macro": 0.43988712147096415,
    "recall_macro": 0.4100195448213069,
    "f1_macro": 0.42323466086447686,
    "class_report": {
        "Severity 0": {
            "precision": 0.9492957746478873,
            "recall": 0.9897209985315712,
            "f1-score": 0.9690869877785766,
            "support": 681.0
        },
        "Severity 1": {
            "precision": 0.3333333333333333,
            "recall": 0.2909090909090909,
            "f1-score": 0.3106796116504854,
            "support": 55.0
        },
        "Severity 2": {
            "precision": 0.5471698113207547,
            "recall": 0.4461538461538462,
            "f1-score": 0.4915254237288136,
            "support": 65.0
        },
        "Severity 3": {
            "precision": 0.47619047619047616,
            "recall": 0.4,
            "f1-score": 0.43478260869565216,
            "support": 25.0
        },
        "Severity 4": {
            "precision": 0.3333333333333333,
            "recall": 0.3333333333333333,
            "f1-score": 0.3333333333333333,
            "support": 6.0
        },
        "Severity 5": {
            "precision": 0.0,
            "recall": 0.0,
            "f1-score": 0.0,
            "support": 6.0
        },
        "accuracy": 0.8723150357995226,
        "macro avg": {
            "precision": 0.43988712147096415,
            "recall": 0.4100195448213069,
            "f1-score": 0.42323466086447686,
            "support": 838.0
        },
        "weighted avg": {
            "precision": 0.8523562714906391,
            "recall": 0.8723150357995226,
            "f1-score": 0.8614013545080567,
            "support": 838.0
        }
    },
    "confusion_matrix": [
        [
            674,
            1,
            1,
            5,
            0,
            0
        ],
        [
            27,
            16,
            9,
            3,
            0,
            0
        ],
        [
            7,
            28,
            29,
            1,
            0,
            0
        ],
        [
            2,
            2,
            9,
            10,
            2,
            0
        ],
        [
            0,
            1,
            2,
            1,
            2,
            0
        ],
        [
            0,
            0,
            3,
            1,
            2,
            0
        ]
    ],
    "roc_auc": {
        "Severity 0": 0.9930319780764518,
        "Severity 1": 0.9214443283408801,
        "Severity 2": 0.9727137028560056,
        "Severity 3": 0.9711685116851169,
        "Severity 4": 0.9579326923076924,
        "Severity 5": 0.9865785256410257
    },
    "pr_auc": {
        "Severity 0": 0.9984644001051367,
        "Severity 1": 0.33043817906367146,
        "Severity 2": 0.6833804331758967,
        "Severity 3": 0.3444775501846933,
        "Severity 4": 0.2821686709074025,
        "Severity 5": 0.46886517765000735
    },
    "roc_auc_macro": 0.9671449564845287,
    "pr_auc_macro": 0.5179657351811346,
    "ordinal_accuracy": 0.9677804295942721,
    "cohen_kappa": 0.5772226622911245,
    "class_distribution_actual": [
        0.8126491646778043,
        0.06563245823389022,
        0.07756563245823389,
        0.029832935560859187,
        0.007159904534606206,
        0.007159904534606206
    ],
    "class_distribution_pred": [
        0.847255369928401,
        0.057279236276849645,
        0.06324582338902147,
        0.025059665871121718,
        0.007159904534606206,
        0.0
    ],
    "weighted_error": 0.22315035799522673,
    "high_severity_recall": 0.4864864864864865,
    "quadratic_weighted_kappa": 0.7887679843988257
}